year,bank,survey_scope,survey_type,plot_group,n_transects,mean_percent_cover,sd_percent_cover,se_percent_cover,data_source_branch
1991,WFGB,study_site,RT,CCA,2,5.191662012338783,4.3569714678970035,3.080844070386277,cpce
1991,WFGB,study_site,RT,Colonizable Substrate,2,36.01005334822718,6.5381808764451455,4.623192034358567,cpce
1991,WFGB,study_site,RT,Coral,2,42.59993965423159,2.035038871700592,1.4389897861577088,cpce
1991,WFGB,study_site,RT,Macroalgae,2,12.415178886684771,0.35316980642049234,0.24972876503027042,cpce
1991,WFGB,study_site,RT,Other,2,0.0,0.0,0.0,cpce
1991,WFGB,study_site,RT,Sand,2,1.4803972549095135,1.347311035290509,0.9526927694213868,cpce
1991,WFGB,study_site,RT,Sponge,2,2.3027688436081633,0.8479706920224633,0.5996058265765333,cpce
1992,EFGB,study_site,RT,CCA,18,2.797797134517801,1.2106910147037493,0.28536260880621445,cpce
1992,EFGB,study_site,RT,Colonizable Substrate,18,21.89612468780315,7.669562314659325,1.8077331738094677,cpce
1992,EFGB,study_site,RT,Coral,18,55.1214473910893,12.697756262413401,2.992889853002156,cpce
1992,EFGB,study_site,RT,Macroalgae,18,17.674891860354244,7.193203538409516,1.6954543334881458,cpce
1992,EFGB,study_site,RT,Other,18,0.11196493831167101,0.12493908313296145,0.029448424306182285,cpce
1992,EFGB,study_site,RT,Sand,18,0.49285026663282266,0.715699812161627,0.1686920634911416,cpce
1992,EFGB,study_site,RT,Sponge,18,1.9049237212910133,1.629546797667093,0.38408786363040814,cpce
1992,WFGB,study_site,RT,CCA,18,3.5012172629964313,1.641021823272923,0.38679255310379873,cpce
1992,WFGB,study_site,RT,Colonizable Substrate,18,25.360967899315266,7.46549794456822,1.759634740512807,cpce
1992,WFGB,study_site,RT,Coral,18,54.04993489833158,7.948645658165371,1.8735137487125808,cpce
1992,WFGB,study_site,RT,Macroalgae,18,13.147883061441627,3.4224251102878305,0.8066733345292143,cpce
1992,WFGB,study_site,RT,Other,18,0.13382634430477633,0.13718982754566647,0.03233595245578459,cpce
1992,WFGB,study_site,RT,Sand,18,1.527585438313623,2.5754856890077926,0.6070477985154393,cpce
1992,WFGB,study_site,RT,Sponge,18,2.278585095296698,1.5248648570659464,0.35941409360812876,cpce
1994,EFGB,study_site,RT,CCA,14,6.229671580856807,2.059366532783511,0.5503888571046045,cpce
1994,EFGB,study_site,RT,Colonizable Substrate,14,17.05049615631426,6.574673991336506,1.7571555360939108,cpce
1994,EFGB,study_site,RT,Coral,14,56.76560741776842,11.978892037779797,3.201493562751881,cpce
1994,EFGB,study_site,RT,Macroalgae,14,17.65882563238134,5.879346335305664,1.5713214032070528,cpce
1994,EFGB,study_site,RT,Other,14,0.04775234995759698,0.09492448323026348,0.02536963527601532,cpce
1994,EFGB,study_site,RT,Sand,14,0.49174153070133914,1.0110021012578383,0.2702016771582405,cpce
1994,EFGB,study_site,RT,Sponge,14,1.7559053320202362,1.259818016710969,0.33670052772982095,cpce
1994,WFGB,study_site,RT,CCA,15,6.091398560558758,1.7052964585210257,0.44030565227989465,cpce
1994,WFGB,study_site,RT,Colonizable Substrate,15,27.729796346379185,7.683282468700074,1.9838150030321862,cpce
1994,WFGB,study_site,RT,Coral,15,52.6146264406779,9.712183488570062,2.5076749937695,cpce
1994,WFGB,study_site,RT,Macroalgae,15,10.470253587235861,4.515570835792306,1.1659153763762338,cpce
1994,WFGB,study_site,RT,Other,15,0.015082956259426846,0.05841603840433509,0.015082956259426846,cpce
1994,WFGB,study_site,RT,Sand,15,0.027894002789400275,0.10803300826241047,0.027894002789400265,cpce
1994,WFGB,study_site,RT,Sponge,15,3.0509481060994674,2.8714070817965944,0.7413941205320165,cpce
1995,EFGB,study_site,RT,CCA,14,2.493579698458871,2.0284931172102807,0.5421375897164247,cpce
1995,EFGB,study_site,RT,Colonizable Substrate,14,15.990873282404296,9.627398289370545,2.573030423202722,cpce
1995,EFGB,study_site,RT,Coral,14,68.79362426406631,8.190122766705082,2.1889023820448217,cpce
1995,EFGB,study_site,RT,Macroalgae,14,11.137318481845936,4.914381641250811,1.3134237406723102,cpce
1995,EFGB,study_site,RT,Other,14,0.01445922498554077,0.05410146597417496,0.01445922498554077,cpce
1995,EFGB,study_site,RT,Sand,14,0.1709701713218512,0.2754330626092073,0.07361258237667928,cpce
1995,EFGB,study_site,RT,Sponge,14,1.399174876917199,2.6195329013422883,0.7000996164431963,cpce
1995,WFGB,study_site,RT,CCA,18,5.925461030789672,2.84896160648192,0.6715066904278286,cpce
1995,WFGB,study_site,RT,Colonizable Substrate,18,21.932645094150484,8.986664686007895,2.1181771799086198,cpce
1995,WFGB,study_site,RT,Coral,18,54.71663973115017,12.13826371804661,2.861016195620465,cpce
1995,WFGB,study_site,RT,Macroalgae,18,16.445085159844567,8.35054020167905,1.9682412010593793,cpce
1995,WFGB,study_site,RT,Other,18,0.04900361785644634,0.09437213687572948,0.022243725979964456,cpce
1995,WFGB,study_site,RT,Sand,18,0.013517166801838334,0.05734848184805738,0.013517166801838336,cpce
1995,WFGB,study_site,RT,Sponge,18,0.917648199406831,0.6309069623889485,0.14870619713434388,cpce
1996,EFGB,study_site,RT,CCA,8,5.087017732180801,1.0370642595092092,0.3666575852125836,cpce
1996,EFGB,study_site,RT,Colonizable Substrate,8,24.229311667162722,4.34647337385769,1.5367103984507722,cpce
1996,EFGB,study_site,RT,Coral,8,48.92142713320322,7.276867129694518,2.572761046600241,cpce
1996,EFGB,study_site,RT,Macroalgae,8,19.682772260469896,5.960086718123761,2.107208867422593,cpce
1996,EFGB,study_site,RT,Other,8,0.08916803241481702,0.08746554316937279,0.030923739347614103,cpce
1996,EFGB,study_site,RT,Sand,8,0.7975905377884902,1.407834558872455,0.4977446816837423,cpce
1996,EFGB,study_site,RT,Sponge,8,1.1927126367800571,0.49687907243480856,0.1756732807741674,cpce
1996,WFGB,study_site,RT,CCA,8,8.887153491645082,3.2847360537283237,1.1613295689996186,cpce
1996,WFGB,study_site,RT,Colonizable Substrate,8,19.3705148725821,4.190590930557251,1.4815976320879383,cpce
1996,WFGB,study_site,RT,Coral,8,49.33746634796026,5.719278071280475,2.022070153846971,cpce
1996,WFGB,study_site,RT,Macroalgae,8,19.993505979989198,3.4968072411507625,1.2363080563599635,cpce
1996,WFGB,study_site,RT,Other,8,0.0268764045457559,0.05012801799347947,0.017722930725315302,cpce
1996,WFGB,study_site,RT,Sand,8,0.01240079365079365,0.035074741130285095,0.01240079365079365,cpce
1996,WFGB,study_site,RT,Sponge,8,2.3720821096268154,1.1641625141579988,0.4115936040821505,cpce
1997,EFGB,study_site,RT,CCA,8,4.942196732614756,1.6777214753426022,0.5931641160785265,cpce
1997,EFGB,study_site,RT,Colonizable Substrate,8,30.35305033250692,8.380703320436892,2.9630260744967707,cpce
1997,EFGB,study_site,RT,Coral,8,47.1597324308584,6.819578511991403,2.411085105331593,cpce
1997,EFGB,study_site,RT,Macroalgae,8,14.79125131961195,4.06433104438338,1.4369580212352453,cpce
1997,EFGB,study_site,RT,Other,8,0.03917974007378509,0.05416026074548343,0.019148543821981452,cpce
1997,EFGB,study_site,RT,Sand,8,0.6495807698341733,1.5097396637293696,0.5337735770246675,cpce
1997,EFGB,study_site,RT,Sponge,8,2.0650086745000116,1.7988724902161648,0.6359974681608908,cpce
1997,WFGB,study_site,RT,CCA,8,7.2561080412090675,3.478128921980458,1.229704273286719,cpce
1997,WFGB,study_site,RT,Colonizable Substrate,8,27.448611678434077,6.345809274453319,2.243582385041213,cpce
1997,WFGB,study_site,RT,Coral,8,45.90670457635311,9.294271380212217,3.2860211595680555,cpce
1997,WFGB,study_site,RT,Macroalgae,8,16.524281955573972,3.039868891574332,1.0747559535751219,cpce
1997,WFGB,study_site,RT,Other,8,0.013034410844629812,0.03686688118803686,0.013034410844629812,cpce
1997,WFGB,study_site,RT,Sand,8,0.9002394789754109,1.0240834160419667,0.3620681639919795,cpce
1997,WFGB,study_site,RT,Sponge,8,1.951019858609739,1.090084312141706,0.38540300459023674,cpce
1998,EFGB,study_site,RT,CCA,7,5.8655755058364605,1.2970200417849709,0.4902274965756624,cpce
1998,EFGB,study_site,RT,Colonizable Substrate,7,8.866726344442933,4.049966157306489,1.5307433243515522,cpce
1998,EFGB,study_site,RT,Coral,7,51.3574404085777,7.986946219178957,3.0187819186850144,cpce
1998,EFGB,study_site,RT,Macroalgae,7,29.637292245488247,5.251329724701938,1.9848160719946581,cpce
1998,EFGB,study_site,RT,Other,7,0.16147815783391015,0.1766364780820678,0.06676231335249468,cpce
1998,EFGB,study_site,RT,Sand,7,2.7572656245758402,3.5566630275992366,1.344292266897948,cpce
1998,EFGB,study_site,RT,Sponge,7,1.354221713244906,1.0473947491224644,0.395878004384704,cpce
1998,WFGB,study_site,RT,CCA,8,10.11075053252004,3.2247140285142817,1.1401085784749192,cpce
1998,WFGB,study_site,RT,Colonizable Substrate,8,9.60334140151711,5.365994407751248,1.8971655167649994,cpce
1998,WFGB,study_site,RT,Coral,8,47.64546672564295,13.760017682016139,4.864900906100205,cpce
1998,WFGB,study_site,RT,Macroalgae,8,30.387876303908776,10.002412128507958,3.5363867221452727,cpce
1998,WFGB,study_site,RT,Other,8,0.09954397992287446,0.2104624928063273,0.0744097279243895,cpce
1998,WFGB,study_site,RT,Sand,8,0.28552676636615354,0.25815478436783473,0.09127149931112342,cpce
1998,WFGB,study_site,RT,Sponge,8,1.867494290122103,1.2604254128524146,0.44562767830389804,cpce
1999,EFGB,study_site,RT,CCA,8,1.915653192846866,0.5670172374006581,0.2004708668078339,cpce
1999,EFGB,study_site,RT,Colonizable Substrate,8,9.13823025011915,7.194918803492451,2.543787938018056,cpce
1999,EFGB,study_site,RT,Coral,8,57.23649428658513,8.908802851034162,3.1497374541101517,cpce
1999,EFGB,study_site,RT,Macroalgae,8,30.13930923742054,7.625454538193638,2.696005306793227,cpce
1999,EFGB,study_site,RT,Other,8,0.17018735423739068,0.21055024228178246,0.07444075204895945,cpce
1999,EFGB,study_site,RT,Sand,8,0.45358469037129,0.5323696133969423,0.1882210818653193,cpce
1999,EFGB,study_site,RT,Sponge,8,0.9465409884196339,0.7408482069202348,0.26192939547159627,cpce
1999,WFGB,study_site,RT,CCA,10,7.4921578680455125,2.0750368610868266,0.6561842709840788,cpce
1999,WFGB,study_site,RT,Colonizable Substrate,10,15.16470353884515,7.874391082432093,2.4901011007404112,cpce
1999,WFGB,study_site,RT,Coral,10,56.48798617946407,8.787375981478508,2.778812275772967,cpce
1999,WFGB,study_site,RT,Macroalgae,10,19.13564710832828,7.983875515181857,2.5247231183224894,cpce
1999,WFGB,study_site,RT,Other,10,0.06671587677595175,0.07778922305831466,0.02459911222791634,cpce
1999,WFGB,study_site,RT,Sand,10,0.13334858114017617,0.26462071797340964,0.08368041848650304,cpce
1999,WFGB,study_site,RT,Sponge,10,1.5194408474008523,0.8853528791340984,0.27997316310515147,cpce
2000,EFGB,study_site,RT,CCA,12,4.224256993081677,1.718890193557311,0.49620085797886077,cpce
2000,EFGB,study_site,RT,Colonizable Substrate,12,9.474638710488742,2.759397479643973,0.7965694388368113,cpce
2000,EFGB,study_site,RT,Coral,12,63.54317761478822,5.277581407581657,1.523506523168717,cpce
2000,EFGB,study_site,RT,Macroalgae,12,21.637687631354382,4.251185382875757,1.2272115125891605,cpce
2000,EFGB,study_site,RT,Other,12,0.21578137122332605,0.15361861933140883,0.04434587561176377,cpce
2000,EFGB,study_site,RT,Sand,12,0.1896000000263722,0.3196857378849709,0.09228532341198604,cpce
2000,EFGB,study_site,RT,Sponge,12,0.7148576790372808,0.5453601304890712,0.15743190907157734,cpce
2000,WFGB,study_site,RT,CCA,9,4.653757573450367,2.4860249133755272,0.8286749711251757,cpce
2000,WFGB,study_site,RT,Colonizable Substrate,9,22.984821937187714,9.04052820435025,3.0135094014500834,cpce
2000,WFGB,study_site,RT,Coral,9,61.16237954332299,7.841671868622992,2.613890622874331,cpce
2000,WFGB,study_site,RT,Macroalgae,9,9.442020226595803,3.215609170748345,1.0718697235827817,cpce
2000,WFGB,study_site,RT,Other,9,0.08907029878398423,0.12610585436298127,0.04203528478766042,cpce
2000,WFGB,study_site,RT,Sand,9,0.47616468022717584,0.43485035983277714,0.14495011994425905,cpce
2000,WFGB,study_site,RT,Sponge,9,1.191785740431963,0.7151673265418589,0.23838910884728629,cpce
2001,EFGB,study_site,RT,CCA,10,2.950758934732914,0.9726953321868498,0.30759327191245356,cpce
2001,EFGB,study_site,RT,Colonizable Substrate,10,13.778489958100405,6.9921665238325765,2.211117199449295,cpce
2001,EFGB,study_site,RT,Coral,10,61.71053311966983,9.873804526920752,3.1223711476350906,cpce
2001,EFGB,study_site,RT,Macroalgae,10,19.978671737251723,6.141025740319784,1.9419628509132236,cpce
2001,EFGB,study_site,RT,Other,10,0.08811167610071184,0.08565524794594238,0.027086567705563704,cpce
2001,EFGB,study_site,RT,Sand,10,0.23591813077682758,0.6078332721102645,0.1922137577501337,cpce
2001,EFGB,study_site,RT,Sponge,10,1.2575164433675872,0.9893884078559467,0.3128720859392421,cpce
2001,WFGB,study_site,RT,CCA,10,3.327340919734925,1.0554152441752993,0.3337516048856704,cpce
2001,WFGB,study_site,RT,Colonizable Substrate,10,21.356148911236716,8.373307878908282,2.6478724447183537,cpce
2001,WFGB,study_site,RT,Coral,10,55.554472054062515,9.555333214531343,3.0216616759777373,cpce
2001,WFGB,study_site,RT,Macroalgae,10,17.980865003067684,5.214703199426976,1.64903394319565,cpce
2001,WFGB,study_site,RT,Other,10,0.11686029542804344,0.17431524826048192,0.05512332154008269,cpce
2001,WFGB,study_site,RT,Sand,10,0.5380071730250185,0.5667858030504169,0.17923340830869283,cpce
2001,WFGB,study_site,RT,Sponge,10,1.1263056434450984,0.6201090935623287,0.19609571334394152,cpce
2002,EFGB,study_site,RT,CCA,6,5.151554267476065,1.9880978111624077,0.811637532682001,cpce
2002,EFGB,study_site,RT,Colonizable Substrate,6,21.257827126806124,8.053804827508952,3.287952052560137,cpce
2002,EFGB,study_site,RT,Coral,6,62.75046444037525,9.639316117093545,3.9352343260442018,cpce
2002,EFGB,study_site,RT,Macroalgae,6,7.935854579395486,3.4198510123993793,1.3961483294531578,cpce
2002,EFGB,study_site,RT,Other,6,0.1293104832437856,0.16761070135126646,0.06842678229010363,cpce
2002,EFGB,study_site,RT,Sand,6,1.9537916223284009,3.3786570793759267,1.3793309767188506,cpce
2002,EFGB,study_site,RT,Sponge,6,0.8211974803748934,0.8446472225636698,0.34482578465666824,cpce
2002,WFGB,study_site,RT,CCA,5,2.046275477437343,1.573622351367464,0.7037453097141417,cpce
2002,WFGB,study_site,RT,Colonizable Substrate,5,25.915559564712055,6.390852485541573,2.85807611836889,cpce
2002,WFGB,study_site,RT,Coral,5,57.14014503869523,8.637569070218506,3.8628383202716465,cpce
2002,WFGB,study_site,RT,Macroalgae,5,12.656682841956703,6.060848182839286,2.7104937076269433,cpce
2002,WFGB,study_site,RT,Other,5,0.09602773756950678,0.1333411626951635,0.05963198079704893,cpce
2002,WFGB,study_site,RT,Sand,5,1.0912439268414875,1.1655261890445565,0.5212391576519798,cpce
2002,WFGB,study_site,RT,Sponge,5,1.054065412787687,0.8964368501004526,0.4008987468720802,cpce
2003,EFGB,study_site,RT,CCA,7,6.528127805697214,2.7382263226535564,1.0349522690217456,cpce
2003,EFGB,study_site,RT,Colonizable Substrate,7,17.070218143769242,4.974674603474271,1.8802502648945392,cpce
2003,EFGB,study_site,RT,Coral,7,54.342889099194956,7.504234593664222,2.83633407353191,cpce
2003,EFGB,study_site,RT,Macroalgae,7,19.590174431438438,7.493189515271001,2.832159426297671,cpce
2003,EFGB,study_site,RT,Other,7,0.12790981147856106,0.15348970373156964,0.058013654983245136,cpce
2003,EFGB,study_site,RT,Sand,7,0.837341717693696,1.0126533174518042,0.3827469774717168,cpce
2003,EFGB,study_site,RT,Sponge,7,1.503338990727903,1.0399145451154452,0.3930507530191895,cpce
2003,WFGB,study_site,RT,CCA,7,2.9882737505673047,0.8471993670066613,0.3202112622844236,cpce
2003,WFGB,study_site,RT,Colonizable Substrate,7,24.75427840315995,7.13002440291067,2.6948959159890613,cpce
2003,WFGB,study_site,RT,Coral,7,57.73786799375604,6.018393871716008,2.2747390680851036,cpce
2003,WFGB,study_site,RT,Macroalgae,7,11.692747721755582,3.122447845223284,1.1801743543186156,cpce
2003,WFGB,study_site,RT,Other,7,0.14840898570384575,0.1471626235632036,0.055622243461721524,cpce
2003,WFGB,study_site,RT,Sand,7,0.9469674597406872,0.5066416213257301,0.19149253340892003,cpce
2003,WFGB,study_site,RT,Sponge,7,1.7314556853165846,1.4222333533584364,0.5375536798982674,cpce
2004,EFGB,study_site,RT,CCA,14,0.0142857142857142,0.0534522483824848,0.0142857142857142,appendix_2004_2008
2004,EFGB,study_site,RT,Colonizable Substrate,14,20.914285714285715,11.53395369819421,3.082578789539785,appendix_2004_2008
2004,EFGB,study_site,RT,Coral,14,62.71428571428572,10.827518867920055,2.8937761394705217,appendix_2004_2008
2004,EFGB,study_site,RT,Hydrocoral,14,1.4142857142857144,1.8505122545921184,0.4945702033364499,appendix_2004_2008
2004,EFGB,study_site,RT,Macroalgae,14,12.028571428571428,10.352512037882663,2.7668252241578446,appendix_2004_2008
2004,EFGB,study_site,RT,Other,14,0.2,0.3038218101251,0.081199794294115,appendix_2004_2008
2004,EFGB,study_site,RT,Sand,14,0.1285714285714286,0.4268463449507354,0.1140794842573126,appendix_2004_2008
2004,EFGB,study_site,RT,Sponge,14,0.3142857142857143,0.9138735334633754,0.2442429755043172,appendix_2004_2008
2004,WFGB,study_site,RT,CCA,16,3.35,4.640402281411961,1.1601005703529903,appendix_2004_2008
2004,WFGB,study_site,RT,Colonizable Substrate,16,17.5625,5.321262381553209,1.3303155953883024,appendix_2004_2008
2004,WFGB,study_site,RT,Coral,16,59.3625,12.78128188667579,3.195320471668948,appendix_2004_2008
2004,WFGB,study_site,RT,Hydrocoral,16,1.05,2.0441787266936,0.5110446816734,appendix_2004_2008
2004,WFGB,study_site,RT,Macroalgae,16,14.75,6.0170867812699305,1.5042716953174826,appendix_2004_2008
2004,WFGB,study_site,RT,Other,16,0.0375,0.1087811258138714,0.0271952814534678,appendix_2004_2008
2004,WFGB,study_site,RT,Sand,16,1.6625,2.432796744489765,0.6081991861224413,appendix_2004_2008
2004,WFGB,study_site,RT,Sponge,16,0.4,0.6066300355241241,0.151657508881031,appendix_2004_2008
2005,EFGB,study_site,RT,CCA,15,3.28,3.16751367118484,0.81784851315888,appendix_2004_2008
2005,EFGB,study_site,RT,Colonizable Substrate,15,8.68,4.524725721758486,1.1682791577684633,appendix_2004_2008
2005,EFGB,study_site,RT,Coral,15,47.92,11.779352395490292,3.0414157104561563,appendix_2004_2008
2005,EFGB,study_site,RT,Hydrocoral,15,1.6266666666666667,2.2663585224718865,0.5851712542712576,appendix_2004_2008
2005,EFGB,study_site,RT,Macroalgae,15,34.02666666666667,9.975646535915546,2.575700860083508,appendix_2004_2008
2005,EFGB,study_site,RT,Other,15,0.16,0.202837021134844,0.0523722936566381,appendix_2004_2008
2005,EFGB,study_site,RT,Sand,15,0.5066666666666667,0.9735550954155208,0.2513708447439789,appendix_2004_2008
2005,EFGB,study_site,RT,Sponge,15,0.48,1.0192434168819255,0.263167518621016,appendix_2004_2008
2005,WFGB,study_site,RT,CCA,16,2.9625,2.590463279029448,0.647615819757362,appendix_2004_2008
2005,WFGB,study_site,RT,Colonizable Substrate,16,15.7125,7.195171992384894,1.7987929980962234,appendix_2004_2008
2005,WFGB,study_site,RT,Coral,16,52.7375,12.898313843289747,3.224578460822437,appendix_2004_2008
2005,WFGB,study_site,RT,Hydrocoral,16,1.675,1.8859126879754184,0.4714781719938545,appendix_2004_2008
2005,WFGB,study_site,RT,Macroalgae,16,18.35,5.762638284674824,1.440659571168706,appendix_2004_2008
2005,WFGB,study_site,RT,Other,16,0.1125,0.162788205960997,0.0406970514902492,appendix_2004_2008
2005,WFGB,study_site,RT,Sand,16,0.75,1.975179316754136,0.4937948291885339,appendix_2004_2008
2005,WFGB,study_site,RT,Sponge,16,0.25,0.4472135954999578,0.1118033988749894,appendix_2004_2008
2006,EFGB,study_site,RT,CCA,16,2.825,2.1025381486828407,0.5256345371707102,appendix_2004_2008
2006,EFGB,study_site,RT,Colonizable Substrate,16,20.375,7.852260820935586,1.9630652052338968,appendix_2004_2008
2006,EFGB,study_site,RT,Coral,16,51.8,13.719280836350958,3.4298202090877394,appendix_2004_2008
2006,EFGB,study_site,RT,Hydrocoral,16,0.4625,0.805708797684788,0.201427199421197,appendix_2004_2008
2006,EFGB,study_site,RT,Macroalgae,16,21.1,9.285113533680311,2.3212783834200783,appendix_2004_2008
2006,EFGB,study_site,RT,Other,16,0.575,0.6276941930590086,0.1569235482647521,appendix_2004_2008
2006,EFGB,study_site,RT,Sand,16,0.325,0.6191391873668904,0.1547847968417226,appendix_2004_2008
2006,EFGB,study_site,RT,Sponge,16,0.7875,1.333604139165742,0.3334010347914355,appendix_2004_2008
2006,WFGB,study_site,RT,CCA,16,3.575,1.8873261509341728,0.4718315377335431,appendix_2004_2008
2006,WFGB,study_site,RT,Colonizable Substrate,16,22.325,7.733520112686934,1.9333800281717333,appendix_2004_2008
2006,WFGB,study_site,RT,Coral,16,57.625,11.970825646824313,2.9927064117060778,appendix_2004_2008
2006,WFGB,study_site,RT,Hydrocoral,16,0.65,0.7949842765740717,0.1987460691435179,appendix_2004_2008
2006,WFGB,study_site,RT,Macroalgae,16,12.375,5.353565789888704,1.338391447472176,appendix_2004_2008
2006,WFGB,study_site,RT,Other,16,0.4125,0.3383784863137726,0.0845946215784431,appendix_2004_2008
2006,WFGB,study_site,RT,Sand,16,0.6625000000000001,0.8476437931112338,0.2119109482778084,appendix_2004_2008
2006,WFGB,study_site,RT,Sponge,16,0.4625,0.4991659710623979,0.1247914927655994,appendix_2004_2008
2007,EFGB,study_site,RT,CCA,16,1.1251755991464771,0.9949303542565878,0.2487325885641469,appendix_2004_2008
2007,EFGB,study_site,RT,Colonizable Substrate,16,23.49245644487274,8.816350562381416,2.204087640595354,appendix_2004_2008
2007,EFGB,study_site,RT,Coral,16,51.78016904196391,17.79650481817649,4.449126204544123,appendix_2004_2008
2007,EFGB,study_site,RT,Hydrocoral,16,0.0767946404496712,0.2582704210180266,0.0645676052545066,appendix_2004_2008
2007,EFGB,study_site,RT,Macroalgae,16,21.75442254691404,9.114374295674796,2.278593573918699,appendix_2004_2008
2007,EFGB,study_site,RT,Other,16,0.3856787610767633,0.4681315221042499,0.1170328805260624,appendix_2004_2008
2007,EFGB,study_site,RT,Sand,16,0.7435111240580319,1.4841676623523268,0.3710419155880817,appendix_2004_2008
2007,EFGB,study_site,RT,Sponge,16,0.5652258460545113,0.8803656857218198,0.2200914214304549,appendix_2004_2008
2007,WFGB,study_site,RT,CCA,16,2.5027113943792108,1.3577713063747427,0.3394428265936857,appendix_2004_2008
2007,WFGB,study_site,RT,Colonizable Substrate,16,21.73661597542668,7.538332546424038,1.8845831366060093,appendix_2004_2008
2007,WFGB,study_site,RT,Coral,16,55.69301433624418,13.39593363913526,3.348983409783815,appendix_2004_2008
2007,WFGB,study_site,RT,Hydrocoral,16,0.8178215182285893,1.0918021111535856,0.2729505277883964,appendix_2004_2008
2007,WFGB,study_site,RT,Macroalgae,16,17.73923092189603,9.759030498636877,2.439757624659219,appendix_2004_2008
2007,WFGB,study_site,RT,Other,16,0.3209566460771523,0.4534147866116237,0.1133536966529059,appendix_2004_2008
2007,WFGB,study_site,RT,Sand,16,0.6041538285035278,0.8129849538842512,0.2032462384710628,appendix_2004_2008
2007,WFGB,study_site,RT,Sponge,16,0.3522903808633239,0.416339857066984,0.104084964266746,appendix_2004_2008
2008,EFGB,study_site,RT,CCA,16,4.331824284078307,3.124082320206933,0.7810205800517332,appendix_2004_2008
2008,EFGB,study_site,RT,Colonizable Substrate,16,13.813141228573029,5.614575083841131,1.4036437709602827,appendix_2004_2008
2008,EFGB,study_site,RT,Coral,16,55.97740965663455,14.378196341739145,3.594549085434786,appendix_2004_2008
2008,EFGB,study_site,RT,Hydrocoral,16,0.1372287444229074,0.3268220849882231,0.0817055212470557,appendix_2004_2008
2008,EFGB,study_site,RT,Macroalgae,16,24.161974188779343,8.65227474757332,2.16306868689333,appendix_2004_2008
2008,EFGB,study_site,RT,Other,16,0.2607985862537911,0.1892018851537278,0.0473004712884319,appendix_2004_2008
2008,EFGB,study_site,RT,Sand,16,0.3091576491650538,0.6376776822818271,0.1594194205704567,appendix_2004_2008
2008,EFGB,study_site,RT,Sponge,16,0.4040173646470543,0.5891804907104261,0.1472951226776065,appendix_2004_2008
2008,WFGB,study_site,RT,CCA,16,4.380694425282048,3.9825218503085655,0.9956304625771414,appendix_2004_2008
2008,WFGB,study_site,RT,Colonizable Substrate,16,22.52200878086884,7.495534147561542,1.8738835368903852,appendix_2004_2008
2008,WFGB,study_site,RT,Coral,16,58.74739616113628,13.667718864636765,3.416929716159191,appendix_2004_2008
2008,WFGB,study_site,RT,Hydrocoral,16,0.2724387586426436,0.5774482390834581,0.1443620597708645,appendix_2004_2008
2008,WFGB,study_site,RT,Macroalgae,16,12.177161772376502,5.223546341869489,1.3058865854673722,appendix_2004_2008
2008,WFGB,study_site,RT,Other,16,0.2537509771299325,0.2229170292268283,0.055729257306707,appendix_2004_2008
2008,WFGB,study_site,RT,Sand,16,0.0582750582750582,0.2331002331002331,0.0582750582750582,appendix_2004_2008
2008,WFGB,study_site,RT,Sponge,16,0.9735631169199204,1.877815641177624,0.469453910294406,appendix_2004_2008
2009,EFGB,study_site,RT,CCA,15,3.1906630268563387,2.017795645422983,0.5209925953848706,cpce
2009,EFGB,study_site,RT,Colonizable Substrate,15,8.444687296984123,2.1929093634779684,0.5662067629661652,cpce
2009,EFGB,study_site,RT,Coral,15,51.93491845800768,16.719039924692407,4.31683754619404,cpce
2009,EFGB,study_site,RT,Macroalgae,15,35.47713647013563,15.509992922503425,4.0046629525767115,cpce
2009,EFGB,study_site,RT,Other,15,0.2211449921935994,0.24539302692065723,0.06336020710260892,cpce
2009,EFGB,study_site,RT,Sand,15,0.27335339758840366,0.8396827444373184,0.21680515235356485,cpce
2009,EFGB,study_site,RT,Sponge,15,0.45809635823422423,0.46337563393572745,0.11964307421809178,cpce
2009,WFGB,study_site,RT,CCA,16,0.9474874197583242,0.8146101206966744,0.2036525301741686,cpce
2009,WFGB,study_site,RT,Colonizable Substrate,16,16.356892069521965,6.187255500639109,1.5468138751597773,cpce
2009,WFGB,study_site,RT,Coral,16,52.4368220665531,15.752528353398143,3.9381320883495357,cpce
2009,WFGB,study_site,RT,Hydrocoral,16,0.2700461521410802,0.49454615088570464,0.12363653772142616,cpce
2009,WFGB,study_site,RT,Macroalgae,16,29.61181582091109,10.91687007154212,2.72921751788553,cpce
2009,WFGB,study_site,RT,Other,16,0.03917432258085696,0.08422626537857088,0.02105656634464272,cpce
2009,WFGB,study_site,RT,Sand,16,0.15347208644545052,0.3249359369692156,0.0812339842423039,cpce
2009,WFGB,study_site,RT,Sponge,16,0.18429006208813897,0.3217949442779997,0.08044873606949993,cpce
2010,EFGB,study_site,RT,CCA,16,2.5549592486172568,1.6380834594273013,0.4095208648568253,cpce
2010,EFGB,study_site,RT,Colonizable Substrate,16,11.612442022252347,5.351473359116333,1.3378683397790831,cpce
2010,EFGB,study_site,RT,Coral,16,52.703214586071596,14.891319220912488,3.722829805228122,cpce
2010,EFGB,study_site,RT,Macroalgae,16,32.49429617460998,10.118344253572143,2.529586063393036,cpce
2010,EFGB,study_site,RT,Other,16,0.1770427994337604,0.21409419681122915,0.05352354920280729,cpce
2010,EFGB,study_site,RT,Sand,16,0.13314896660800118,0.27886773263944464,0.06971693315986116,cpce
2010,EFGB,study_site,RT,Sponge,16,0.3248962024070596,0.42262421944298967,0.10565605486074742,cpce
2010,WFGB,study_site,RT,CCA,16,0.4488177475494566,0.373115628467195,0.09327890711679875,cpce
2010,WFGB,study_site,RT,Colonizable Substrate,16,11.13799250471861,4.4584556163974005,1.1146139040993501,cpce
2010,WFGB,study_site,RT,Coral,16,62.03755087862638,12.488705768754214,3.1221764421885534,cpce
2010,WFGB,study_site,RT,Hydrocoral,16,0.7450070826858761,1.2623529162111191,0.3155882290527798,cpce
2010,WFGB,study_site,RT,Macroalgae,16,24.95785673354291,8.847549441353243,2.2118873603383107,cpce
2010,WFGB,study_site,RT,Other,16,0.09247009255579036,0.13344877309944583,0.03336219327486146,cpce
2010,WFGB,study_site,RT,Sand,16,0.3796357113361669,0.6974520460784568,0.1743630115196142,cpce
2010,WFGB,study_site,RT,Sponge,16,0.20066924898481064,0.3382661193130857,0.08456652982827143,cpce
2011,EFGB,study_site,RT,CCA,16,1.888635333926958,1.5043642126516052,0.3760910531629013,cpce
2011,EFGB,study_site,RT,Colonizable Substrate,16,9.642298535240664,5.7015233227209,1.425380830680225,cpce
2011,EFGB,study_site,RT,Coral,16,57.48680361618976,9.104183546872,2.276045886718,cpce
2011,EFGB,study_site,RT,Macroalgae,16,30.104139044943267,6.373573295959866,1.5933933239899665,cpce
2011,EFGB,study_site,RT,Other,16,0.26626179071764766,0.260880252181692,0.065220063045423,cpce
2011,EFGB,study_site,RT,Sand,16,0.11872660538174712,0.29872922094423815,0.07468230523605954,cpce
2011,EFGB,study_site,RT,Sponge,16,0.24656753679997978,0.3552495114629363,0.0627998346421626,cpce
2011,WFGB,study_site,RT,CCA,16,1.29713601849741,0.9059785846305659,0.22649464615764148,cpce
2011,WFGB,study_site,RT,Colonizable Substrate,16,9.10611228410826,2.596700064486751,0.6491750161216877,cpce
2011,WFGB,study_site,RT,Coral,16,59.50913069404123,8.360334867711066,2.0900837169277664,cpce
2011,WFGB,study_site,RT,Macroalgae,16,29.10668755395525,7.5883152934032,1.8970788233508,cpce
2011,WFGB,study_site,RT,Other,16,0.22957082895563086,0.2628425865800491,0.06571064664501228,cpce
2011,WFGB,study_site,RT,Sand,16,0.4401358003120953,1.003919963897426,0.2509799909743565,cpce
2011,WFGB,study_site,RT,Sponge,16,0.15561341006506205,0.2157345935335731,0.03813684850602826,cpce
2012,EFGB,study_site,RT,CCA,16,1.2517533640914695,1.129282528985959,0.28232063224648973,cpce
2012,EFGB,study_site,RT,Colonizable Substrate,16,7.3745013314084105,3.6579660951516293,0.9144915237879073,cpce
2012,EFGB,study_site,RT,Coral,16,52.49239143728036,17.994865314634673,4.498716328658668,cpce
2012,EFGB,study_site,RT,Macroalgae,16,37.58900782685345,15.217869271625268,3.804467317906317,cpce
2012,EFGB,study_site,RT,Other,16,0.26803125228098434,0.2428203143245906,0.06070507858114765,cpce
2012,EFGB,study_site,RT,Sand,16,0.40847221612479157,0.6813368152569103,0.17033420381422756,cpce
2012,EFGB,study_site,RT,Sponge,16,0.30792128598026897,0.608268076348867,0.10752762039139512,cpce
2012,WFGB,study_site,RT,CCA,16,2.7122663312790145,2.4548686965871513,0.6137171741467878,cpce
2012,WFGB,study_site,RT,Colonizable Substrate,16,9.560652921339766,5.070528739736451,1.2676321849341128,cpce
2012,WFGB,study_site,RT,Coral,16,54.77511541481151,13.63675498775228,3.40918874693807,cpce
2012,WFGB,study_site,RT,Macroalgae,16,31.425316293848628,9.923093975364575,2.4807734938411437,cpce
2012,WFGB,study_site,RT,Other,16,0.32211822497629206,0.1565845944103304,0.0391461486025826,cpce
2012,WFGB,study_site,RT,Sand,16,0.5264642513919398,1.0346010387369775,0.2586502596842444,cpce
2012,WFGB,study_site,RT,Sponge,16,0.33903328117642323,0.5966051106520965,0.105465879858162,cpce
2013,EFGB,study_site,RT,CCA,16,0.9168998998821644,0.6524377197350548,0.1631094299337637,cpce
2013,EFGB,study_site,RT,Colonizable Substrate,16,7.025778986239788,2.2471057039501128,0.5617764259875282,cpce
2013,EFGB,study_site,RT,Coral,16,60.15626938380936,14.155137789815843,3.5387844474539607,cpce
2013,EFGB,study_site,RT,Macroalgae,16,29.746520625509508,11.251434850587822,2.8128587126469555,cpce
2013,EFGB,study_site,RT,Other,16,0.35791034884336165,0.25408698248180583,0.06352174562045146,cpce
2013,EFGB,study_site,RT,Sand,16,1.479017182315939,2.477966215714451,0.6194915539286128,cpce
2013,EFGB,study_site,RT,Sponge,16,0.15880178669993825,0.31378076359102614,0.05546912643527688,cpce
2013,WFGB,study_site,RT,CCA,16,0.40465589006401637,0.3069374133053522,0.07673435332633805,cpce
2013,WFGB,study_site,RT,Colonizable Substrate,16,10.431650574225861,2.9147820939705307,0.7286955234926327,cpce
2013,WFGB,study_site,RT,Coral,16,59.09856689295,10.346728823455996,2.586682205863999,cpce
2013,WFGB,study_site,RT,Macroalgae,16,27.709088382497367,8.747396500968529,2.1868491252421323,cpce
2013,WFGB,study_site,RT,Other,16,0.36355166694049135,0.24417935608056168,0.06104483902014042,cpce
2013,WFGB,study_site,RT,Sand,16,1.3455304291135637,2.679475292519153,0.6698688231297882,cpce
2013,WFGB,study_site,RT,Sponge,16,0.3234780821043556,0.5881953242814297,0.10397922561540482,cpce
2014,EFGB,study_site,RT,CCA,16,1.4565010900515543,0.7420049412181678,0.18550123530454196,cpce
2014,EFGB,study_site,RT,Colonizable Substrate,16,8.09340502449374,2.7434204525853527,0.6858551131463382,cpce
2014,EFGB,study_site,RT,Coral,16,59.16220132159135,11.203834684686317,2.8009586711715793,cpce
2014,EFGB,study_site,RT,Macroalgae,16,29.651158023530492,9.37046588835953,2.3426164720898823,cpce
2014,EFGB,study_site,RT,Other,16,0.592241776930251,0.5171824883922753,0.12929562209806883,cpce
2014,EFGB,study_site,RT,Sand,16,0.7673846326462042,2.329971236294089,0.5824928090735223,cpce
2014,EFGB,study_site,RT,Sponge,16,0.2771081307564111,0.31576712055054934,0.07894178013763734,cpce
2014,WFGB,study_site,RT,CCA,16,2.2025749897874936,1.0530609136084201,0.26326522840210503,cpce
2014,WFGB,study_site,RT,Colonizable Substrate,16,7.844060881028449,2.008016947377565,0.5020042368443912,cpce
2014,WFGB,study_site,RT,Coral,16,60.659410421334556,9.184202988707726,2.2960507471769316,cpce
2014,WFGB,study_site,RT,Macroalgae,16,26.14253299140297,8.909084209625473,2.227271052406368,cpce
2014,WFGB,study_site,RT,Other,16,0.4088499489870327,0.3443981643506419,0.08609954108766048,cpce
2014,WFGB,study_site,RT,Sand,16,1.2117949249027196,1.7420738545398562,0.43551846363496405,cpce
2014,WFGB,study_site,RT,Sponge,16,1.5307758425567828,1.1582422365192957,0.2895605591298239,cpce
2015,EFGB,study_site,RT,CCA,16,2.8737500000000002,1.6128230942460284,0.4032057735615071,cpce
2015,EFGB,study_site,RT,Colonizable Substrate,16,6.074375,2.89859269014005,0.7246481725350125,cpce
2015,EFGB,study_site,RT,Coral,16,54.608125,14.140176433953478,3.5350441084883695,cpce
2015,EFGB,study_site,RT,Macroalgae,16,35.536249999999995,11.465022677692355,2.8662556694230887,cpce
2015,EFGB,study_site,RT,Other,16,0.333125,0.3324799492701277,0.08311998731753192,cpce
2015,EFGB,study_site,RT,Sand,16,0.2375,0.40514195043219114,0.10128548760804779,cpce
2015,EFGB,study_site,RT,Sponge,16,0.335,0.35674453978535775,0.08918613494633944,cpce
2015,WFGB,study_site,RT,CCA,16,2.5625,2.270813363826568,0.567703340956642,cpce
2015,WFGB,study_site,RT,Colonizable Substrate,16,6.525,3.0621952909636576,0.7655488227409144,cpce
2015,WFGB,study_site,RT,Coral,16,57.701875,15.320807732731762,3.8302019331829404,cpce
2015,WFGB,study_site,RT,Macroalgae,16,31.60125,11.38284257116824,2.84571064279206,cpce
2015,WFGB,study_site,RT,Other,16,0.311875,0.285008040822243,0.07125201020556075,cpce
2015,WFGB,study_site,RT,Sand,16,0.63,0.7879678504439971,0.19699196261099927,cpce
2015,WFGB,study_site,RT,Sponge,16,0.66625,0.6509262631051231,0.16273156577628078,cpce
2016,EFGB,study_site,RT,CCA,16,3.256875,2.0537793414418535,0.5134448353604634,cpce
2016,EFGB,study_site,RT,Colonizable Substrate,16,7.91,3.3650002476473415,0.8412500619118354,cpce
2016,EFGB,study_site,RT,Coral,16,49.918124999999996,8.57586319756404,2.14396579939101,cpce
2016,EFGB,study_site,RT,Macroalgae,16,37.15,9.411613393391521,2.3529033483478803,cpce
2016,EFGB,study_site,RT,Other,16,0.366875,0.2953804044504871,0.07384510111262177,cpce
2016,EFGB,study_site,RT,Sand,16,0.861875,2.4234169231342206,0.6058542307835552,cpce
2016,EFGB,study_site,RT,Sponge,16,0.538125,0.5052289085157342,0.12630722712893355,cpce
2016,WFGB,study_site,RT,CCA,16,3.223125,1.132700129484116,0.283175032371029,cpce
2016,WFGB,study_site,RT,Colonizable Substrate,16,10.825,3.3834243009117255,0.8458560752279314,cpce
2016,WFGB,study_site,RT,Coral,16,58.53875,11.490942447568576,2.872735611892144,cpce
2016,WFGB,study_site,RT,Macroalgae,16,25.691875,9.77013218521974,2.442533046304935,cpce
2016,WFGB,study_site,RT,Other,16,0.30625,0.27688445243458504,0.06922111310864626,cpce
2016,WFGB,study_site,RT,Sand,16,0.6775,1.4507951842581595,0.36269879606453986,cpce
2016,WFGB,study_site,RT,Sponge,16,0.74,0.5604046157316457,0.14010115393291142,cpce
2017,EFGB,study_site,RT,CCA,16,4.509696392111781,2.022351425087965,0.5055878562719912,cpce
2017,EFGB,study_site,RT,Colonizable Substrate,16,13.831167473409593,4.602333153081918,1.1505832882704794,cpce
2017,EFGB,study_site,RT,Coral,16,51.464872253395434,11.070696502054558,2.7676741255136394,cpce
2017,EFGB,study_site,RT,Macroalgae,16,26.749475067798848,7.592537268327166,1.8981343170817915,cpce
2017,EFGB,study_site,RT,Other,16,0.42579514390172873,0.28808718964761454,0.07202179741190363,cpce
2017,EFGB,study_site,RT,Sand,16,0.7802510250299226,1.1554101900269549,0.2888525475067387,cpce
2017,EFGB,study_site,RT,Sponge,16,2.2259089687880134,1.0015237237511339,0.25038093093778346,cpce
2017,WFGB,study_site,RT,CCA,16,2.202149742726331,0.8873423489260159,0.22183558723150398,cpce
2017,WFGB,study_site,RT,Colonizable Substrate,16,16.067775801968914,3.97780191721151,0.9944504793028776,cpce
2017,WFGB,study_site,RT,Coral,16,56.35612296807398,9.209175315049862,2.3022938287624655,cpce
2017,WFGB,study_site,RT,Macroalgae,16,22.63589689866837,6.367999097097556,1.591999774274389,cpce
2017,WFGB,study_site,RT,Other,16,0.2070958286985129,0.16853430138924638,0.042133575347311596,cpce
2017,WFGB,study_site,RT,Sand,16,1.5146975642446032,3.5647405646955574,0.8911851411738894,cpce
2017,WFGB,study_site,RT,Sponge,16,1.0162611956192849,0.5929890065686634,0.14824725164216584,cpce
2018,EFGB,study_site,RT,CCA,16,3.3429739842220676,1.3998597999048015,0.34996494997620037,cpce
2018,EFGB,study_site,RT,Colonizable Substrate,16,7.409901806986336,6.707077502616169,1.6767693756540423,cpce
2018,EFGB,study_site,RT,Coral,16,52.36805125159604,13.448362986006366,3.3620907465015915,cpce
2018,EFGB,study_site,RT,Macroalgae,16,34.59576208475872,9.506083376833736,2.376520844208434,cpce
2018,EFGB,study_site,RT,Other,16,0.4002505489947884,0.3143365634314794,0.07858414085786986,cpce
2018,EFGB,study_site,RT,Sand,16,0.9522053241491897,1.7547133320987778,0.43867833302469444,cpce
2018,EFGB,study_site,RT,Sponge,16,0.9308549992928573,0.756302053039264,0.189075513259816,cpce
2018,WFGB,study_site,RT,CCA,16,2.317202691203045,1.2066782526932494,0.30166956317331234,cpce
2018,WFGB,study_site,RT,Colonizable Substrate,16,12.224471518157458,3.904821844511567,0.9762054611278917,cpce
2018,WFGB,study_site,RT,Coral,16,55.676371535682065,10.496952551886118,2.6242381379715294,cpce
2018,WFGB,study_site,RT,Macroalgae,16,27.177360094164914,8.104751333636491,2.026187833409123,cpce
2018,WFGB,study_site,RT,Other,16,0.2813666759714091,0.37383332131335734,0.09345833032833933,cpce
2018,WFGB,study_site,RT,Sand,16,1.032718536567812,1.6843580101081437,0.4210895025270359,cpce
2018,WFGB,study_site,RT,Sponge,16,1.2905089482532959,0.7817108167866623,0.19542770419666558,cpce
2019,EFGB,study_site,RT,CCA,16,6.16719584838247,3.458144958534349,0.8645362396335873,cpce
2019,EFGB,study_site,RT,Colonizable Substrate,16,4.054793661795695,2.783228983732818,0.6958072459332045,cpce
2019,EFGB,study_site,RT,Coral,16,54.5536487984273,11.412097199205075,2.8530242998012687,cpce
2019,EFGB,study_site,RT,Macroalgae,16,33.28294764163601,11.052507271390331,2.7631268178475827,cpce
2019,EFGB,study_site,RT,Other,16,0.3828826338566262,0.32882310731863645,0.08220577682965911,cpce
2019,EFGB,study_site,RT,Sand,16,0.704377948516776,1.5264179299800673,0.38160448249501683,cpce
2019,EFGB,study_site,RT,Sponge,16,0.8541534673851281,0.579616006912455,0.14490400172811374,cpce
2019,WFGB,study_site,RT,CCA,16,3.8215748624839385,3.408040937305717,0.8520102343264293,cpce
2019,WFGB,study_site,RT,Colonizable Substrate,16,12.019366516301867,7.760063022013082,1.9400157555032704,cpce
2019,WFGB,study_site,RT,Coral,16,60.22636386987831,8.605037654086816,2.151259413521704,cpce
2019,WFGB,study_site,RT,Macroalgae,16,21.105759393085155,6.812219479382069,1.7030548698455172,cpce
2019,WFGB,study_site,RT,Other,16,0.5248251520739217,0.43476788301741853,0.10869197075435463,cpce
2019,WFGB,study_site,RT,Sand,16,0.9467672477304756,1.4816163481318882,0.37040408703297206,cpce
2019,WFGB,study_site,RT,Sponge,16,1.3553429584463306,1.3132710341999823,0.32831775854999556,cpce
2022,EFGB,reefwide,RT,CCA,28,1.2287634815368373,1.0170166244531786,0.1921980762515344,cpce
2022,EFGB,reefwide,RT,Colonizable Substrate,28,5.918455655430196,3.1720794746200376,0.5994666734840745,cpce
2022,EFGB,reefwide,RT,Coral,28,54.627609225262574,16.418097939075885,3.102728867678348,cpce
2022,EFGB,reefwide,RT,Macroalgae,28,36.394941527975504,15.444932809271972,2.918817944959702,cpce
2022,EFGB,reefwide,RT,Other,28,0.21731767082945885,0.2251348460358538,0.04254648671897749,cpce
2022,EFGB,reefwide,RT,Sand,28,0.5933776257460306,1.2683393814255801,0.2396936129486843,cpce
2022,EFGB,reefwide,RT,Sponge,28,1.0195348132193967,1.4610150218094362,0.27610588638838407,cpce
2022,EFGB,study_site,RT,CCA,16,3.5895256087621683,1.8279327545090462,0.45698318862726156,cpce
2022,EFGB,study_site,RT,Colonizable Substrate,16,11.31639205767539,4.2874878904689675,1.0718719726172419,cpce
2022,EFGB,study_site,RT,Coral,16,53.52041204640658,15.814188801528344,3.953547200382086,cpce
2022,EFGB,study_site,RT,Macroalgae,16,29.3798545969235,13.279003571125662,3.3197508927814154,cpce
2022,EFGB,study_site,RT,Other,16,0.2702932570798729,0.28498643445342936,0.07124660861335734,cpce
2022,EFGB,study_site,RT,Sand,16,0.7702869312181795,1.0435842192449643,0.26089605481124106,cpce
2022,EFGB,study_site,RT,Sponge,16,1.1532355019343172,0.8830409037768083,0.22076022594420208,cpce
2022,WFGB,reefwide,RT,CCA,14,3.13210689605958,1.996572423178641,0.5336064253868221,cpce
2022,WFGB,reefwide,RT,Colonizable Substrate,14,11.188775992075753,4.792903201226054,1.2809572619257097,cpce
2022,WFGB,reefwide,RT,Coral,14,48.83850453161915,15.14579461473543,4.0478838784847,cpce
2022,WFGB,reefwide,RT,Macroalgae,14,34.342650868708844,13.049503496889692,3.487626510919264,cpce
2022,WFGB,reefwide,RT,Other,14,0.04636105230776035,0.09218254296309523,0.02463682091496225,cpce
2022,WFGB,reefwide,RT,Sand,14,0.9256258430785901,1.4306901909118803,0.38236803721503265,cpce
2022,WFGB,reefwide,RT,Sponge,14,1.5259748161503244,1.3175681540213893,0.35213490114801693,cpce
2022,WFGB,study_site,RT,CCA,16,2.6051795555855777,1.2639072088612622,0.31597680221531554,cpce
2022,WFGB,study_site,RT,Colonizable Substrate,16,11.675572535659388,5.802530918469394,1.4506327296173485,cpce
2022,WFGB,study_site,RT,Coral,16,56.674931669379724,12.552857857762968,3.138214464440742,cpce
2022,WFGB,study_site,RT,Macroalgae,16,27.297617091779237,9.283894154319952,2.320973538579988,cpce
2022,WFGB,study_site,RT,Other,16,0.20121764860454658,0.2540157802930704,0.0635039450732676,cpce
2022,WFGB,study_site,RT,Sand,16,0.8219767607117374,0.9849319273207615,0.24623298183019038,cpce
2022,WFGB,study_site,RT,Sponge,16,0.7235047382797886,0.7169861359926141,0.17924653399815352,cpce
2023,EFGB,reefwide,RT,CCA,16,2.4484876871266055,1.744859478914943,0.43621486972873574,cpce
2023,EFGB,reefwide,RT,Colonizable Substrate,16,7.910697227270643,4.657446962327244,1.164361740581811,cpce
2023,EFGB,reefwide,RT,Coral,16,60.42226672223133,12.616099481630526,3.1540248704076315,cpce
2023,EFGB,reefwide,RT,Macroalgae,16,27.84567299341915,11.356280989316286,2.8390702473290714,cpce
2023,EFGB,reefwide,RT,Other,16,0.34321645653566213,0.33087653346861323,0.08271913336715331,cpce
2023,EFGB,reefwide,RT,Sand,16,0.3341298766628426,0.5224066113626332,0.1306016528406583,cpce
2023,EFGB,reefwide,RT,Sponge,16,0.6955290367537709,1.3791984041644256,0.3447996010411064,cpce
2023,EFGB,study_site,RT,CCA,16,2.9157935814857208,1.6719354889670242,0.41798387224175604,cpce
2023,EFGB,study_site,RT,Colonizable Substrate,16,10.305154825600484,3.192430098283577,0.7981075245708943,cpce
2023,EFGB,study_site,RT,Coral,16,54.713591060151074,13.585956542915326,3.3964891357288316,cpce
2023,EFGB,study_site,RT,Macroalgae,16,30.9401124810426,12.511621762201099,3.1279054405502746,cpce
2023,EFGB,study_site,RT,Other,16,0.12276741390241164,0.19206105576903357,0.04801526394225839,cpce
2023,EFGB,study_site,RT,Sand,16,0.20994587638478815,0.5081198455840417,0.12702996139601042,cpce
2023,EFGB,study_site,RT,Sponge,16,0.7926347614329228,0.4669227480062372,0.1167306870015593,cpce
2023,WFGB,reefwide,RT,CCA,13,2.728697077847464,1.549703119118407,0.429810312132915,cpce
2023,WFGB,reefwide,RT,Colonizable Substrate,13,13.354015821839122,5.779827831024102,1.603035816008555,cpce
2023,WFGB,reefwide,RT,Coral,13,52.2343236089329,13.228924939877272,3.669043629999375,cpce
2023,WFGB,reefwide,RT,Macroalgae,13,29.563286686152335,11.098130251382086,3.0780675140873974,cpce
2023,WFGB,reefwide,RT,Other,13,0.36632856665697405,0.4257841070984701,0.11809126387855268,cpce
2023,WFGB,reefwide,RT,Sand,13,0.6343146664469208,1.483459005257433,0.41143750065419066,cpce
2023,WFGB,reefwide,RT,Sponge,13,1.1036181258471212,0.9634228573818024,0.2672054240187784,cpce
2023,WFGB,study_site,RT,CCA,16,3.3667198180455453,1.3394498619667672,0.3348624654916918,cpce
2023,WFGB,study_site,RT,Colonizable Substrate,16,10.909457726476978,3.977340080871476,0.994335020217869,cpce
2023,WFGB,study_site,RT,Coral,16,54.68251989508716,12.96805996213618,3.242014990534045,cpce
2023,WFGB,study_site,RT,Macroalgae,16,28.91525691804593,9.394882027194308,2.348720506798577,cpce
2023,WFGB,study_site,RT,Other,16,0.27881199740609364,0.26621089300528084,0.06655272325132021,cpce
2023,WFGB,study_site,RT,Sand,16,0.36566336308786546,0.4243044144468249,0.10607610361170622,cpce
2023,WFGB,study_site,RT,Sponge,16,1.4815702818504257,1.565401866421485,0.39135046660537126,cpce
2024,EFGB,reefwide,RT,CCA,14,2.3192263054652282,1.038026650213628,0.27742429167428795,cpce
2024,EFGB,reefwide,RT,Colonizable Substrate,14,8.109356610706874,6.470144002461944,1.7292187214502033,cpce
2024,EFGB,reefwide,RT,Coral,14,64.46755721803264,10.224240987507493,2.732543343933165,cpce
2024,EFGB,reefwide,RT,Hydrocoral,14,0.029098158578445315,0.07397070241813787,0.019769501793405902,cpce
2024,EFGB,reefwide,RT,Macroalgae,14,23.511143096640243,8.641912296030483,2.309648212735358,cpce
2024,EFGB,reefwide,RT,Other,14,0.28041806536538555,0.24751175074952428,0.0661502978932363,cpce
2024,EFGB,reefwide,RT,Sand,14,0.3601181524396016,0.616834414414462,0.16485593165073215,cpce
2024,EFGB,reefwide,RT,Sponge,14,0.9230823927715744,1.1253504273742423,0.30076255280671754,cpce
2024,EFGB,study_site,RT,CCA,16,4.757627664355858,1.905634918146379,0.47640872953659474,cpce
2024,EFGB,study_site,RT,Colonizable Substrate,16,18.7042467148733,5.926142589575468,1.481535647393867,cpce
2024,EFGB,study_site,RT,Coral,16,50.41985733493269,13.5339595595971,3.383489889899275,cpce
2024,EFGB,study_site,RT,Hydrocoral,16,0.10563817640679714,0.3660090173239143,0.09150225433097857,cpce
2024,EFGB,study_site,RT,Macroalgae,16,24.208776619685715,10.854773882472683,2.713693470618171,cpce
2024,EFGB,study_site,RT,Other,16,0.3170134241004411,0.25403519248942735,0.06350879812235684,cpce
2024,EFGB,study_site,RT,Sand,16,0.13298854870508203,0.29399769227200595,0.07349942306800149,cpce
2024,EFGB,study_site,RT,Sponge,16,1.353851516940117,1.0678050961526973,0.2669512740381743,cpce
2024,WFGB,study_site,RT,CCA,16,3.100360659321913,1.010774076632064,0.252693519158016,cpce
2024,WFGB,study_site,RT,Colonizable Substrate,16,14.980998056305518,4.20861229583552,1.05215307395888,cpce
2024,WFGB,study_site,RT,Coral,16,62.13597232632766,9.882253422961005,2.4705633557402513,cpce
2024,WFGB,study_site,RT,Hydrocoral,16,0.3750489821693608,0.6198480824844769,0.15496202062111922,cpce
2024,WFGB,study_site,RT,Macroalgae,16,16.898646572353634,5.270927944998323,1.3177319862495807,cpce
2024,WFGB,study_site,RT,Other,16,0.3010445790759637,0.2809487160455918,0.07023717901139795,cpce
2024,WFGB,study_site,RT,Sand,16,0.8777964822753364,1.9906868803960005,0.4976717200990001,cpce
2024,WFGB,study_site,RT,Sponge,16,1.3301323421706148,1.1643857275646383,0.2910964318911596,cpce
2025,EFGB,reefwide,RT,CCA,21,3.3080185643910887,3.3795066854089026,0.7374688189283624,cpce
2025,EFGB,reefwide,RT,Colonizable Substrate,21,8.532200328025821,7.184486418231213,1.567783468615557,cpce
2025,EFGB,reefwide,RT,Coral,21,56.37044868624174,8.945166988219615,1.9519954679779306,cpce
2025,EFGB,reefwide,RT,Hydrocoral,21,0.15933877845569938,0.5490712905351278,0.11981717860972921,cpce
2025,EFGB,reefwide,RT,Macroalgae,21,27.556962105342933,9.318233872853131,2.033405336459571,cpce
2025,EFGB,reefwide,RT,Other,21,0.4469773733244362,0.46310504541992603,0.1010578059691797,cpce
2025,EFGB,reefwide,RT,Sand,21,2.1496478054383172,5.9899777452979945,1.307120306139475,cpce
2025,EFGB,reefwide,RT,Sponge,21,1.4764063587799634,2.1129450275695016,0.46108240610084744,cpce
2025,WFGB,reefwide,RT,CCA,26,5.78532246790488,2.567712021785858,0.5035697578604951,cpce
2025,WFGB,reefwide,RT,Colonizable Substrate,26,11.9534374449634,4.903521652942025,0.9616597151413898,cpce
2025,WFGB,reefwide,RT,Coral,26,51.98081915428413,20.93971076746241,4.106615146626146,cpce
2025,WFGB,reefwide,RT,Hydrocoral,26,0.34216373095969793,0.6656015112064798,0.13053519591994953,cpce
2025,WFGB,reefwide,RT,Macroalgae,26,23.89501600648002,16.742210541755476,3.2834176251188465,cpce
2025,WFGB,reefwide,RT,Other,26,0.1832223235751798,0.20570687687305325,0.0403424376636895,cpce
2025,WFGB,reefwide,RT,Sand,26,4.005815135910368,11.708089651418492,2.296145292287563,cpce
2025,WFGB,reefwide,RT,Sponge,26,1.8542037359223267,2.525064517568102,0.4952058941600194,cpce
